<?xml version="1.0" encoding="UTF-8"?>
<metadata xml:lang="en"><Esri><CreaDate>20140716</CreaDate><CreaTime>11395000</CreaTime><ArcGISFormat>1.0</ArcGISFormat><ArcGISstyle>ISO 19139 Metadata Implementation Specification</ArcGISstyle><SyncOnce>FALSE</SyncOnce><DataProperties><itemProps><itemLocation><linkage Sync="TRUE">file://\\FOSTER\C$\foster\Dropbox\GIS_NEW_CLASS\week2\data\boston\detailed_state_fill</linkage><protocol Sync="TRUE">Local Area Network</protocol></itemLocation><itemName Sync="TRUE">detailed_state_bound</itemName><nativeExtBox><westBL Sync="TRUE">-178.227822</westBL><eastBL Sync="TRUE">-66.949831</eastBL><southBL Sync="TRUE">18.913826</southBL><northBL Sync="TRUE">71.382690</northBL><exTypeCode Sync="TRUE">1</exTypeCode></nativeExtBox><itemSize Sync="TRUE">18.571</itemSize><imsContentType Sync="TRUE">002</imsContentType></itemProps><copyHistory><copy source="C:\foster\Dropbox\GIS_NEW_CLASS\week2\data\bronx\detailed_state_fill" dest="\\FOSTER\C$\foster\Dropbox\GIS_NEW_CLASS\week2\data\boston\detailed_state_fill" date="20140716" time="11395000"/></copyHistory><coordRef><type Sync="TRUE">Geographic</type><geogcsn Sync="TRUE">GCS_North_American_1983</geogcsn><csUnits Sync="TRUE">Angular Unit: Degree (0.017453)</csUnits><peXml Sync="TRUE">&lt;GeographicCoordinateSystem xsi:type='typens:GeographicCoordinateSystem' xmlns:xsi='http://www.w3.org/2001/XMLSchema-instance' xmlns:xs='http://www.w3.org/2001/XMLSchema' xmlns:typens='http://www.esri.com/schemas/ArcGIS/10.1'&gt;&lt;WKT&gt;GEOGCS[&amp;quot;GCS_North_American_1983&amp;quot;,DATUM[&amp;quot;D_North_American_1983&amp;quot;,SPHEROID[&amp;quot;GRS_1980&amp;quot;,6378137.0,298.257222101]],PRIMEM[&amp;quot;Greenwich&amp;quot;,0.0],UNIT[&amp;quot;Degree&amp;quot;,0.0174532925199433],AUTHORITY[&amp;quot;EPSG&amp;quot;,4269]]&lt;/WKT&gt;&lt;XOrigin&gt;-400&lt;/XOrigin&gt;&lt;YOrigin&gt;-400&lt;/YOrigin&gt;&lt;XYScale&gt;11258999068426.238&lt;/XYScale&gt;&lt;ZOrigin&gt;-100000&lt;/ZOrigin&gt;&lt;ZScale&gt;10000&lt;/ZScale&gt;&lt;MOrigin&gt;-100000&lt;/MOrigin&gt;&lt;MScale&gt;10000&lt;/MScale&gt;&lt;XYTolerance&gt;8.9831528411952133e-009&lt;/XYTolerance&gt;&lt;ZTolerance&gt;0.001&lt;/ZTolerance&gt;&lt;MTolerance&gt;0.001&lt;/MTolerance&gt;&lt;HighPrecision&gt;true&lt;/HighPrecision&gt;&lt;LeftLongitude&gt;-180&lt;/LeftLongitude&gt;&lt;WKID&gt;4269&lt;/WKID&gt;&lt;LatestWKID&gt;4269&lt;/LatestWKID&gt;&lt;/GeographicCoordinateSystem&gt;</peXml></coordRef></DataProperties><SyncDate>20140715</SyncDate><SyncTime>18124700</SyncTime><ModDate>20140715</ModDate><ModTime>18124700</ModTime></Esri><mdLang><languageCode value="eng"/><countryCode value="USA" Sync="TRUE"></countryCode></mdLang><mdChar><CharSetCd value="004"/></mdChar><mdHrLv><ScopeCd value="005"/></mdHrLv><mdContact><rpIndName>ArcGIS Content Team</rpIndName><rpOrgName>ESRI</rpOrgName><rpCntInfo><cntPhone><voiceNum>909-793-2853</voiceNum><faxNum>909-793-5953</faxNum></cntPhone><cntAddress addressType="both"><delPoint>380 New York Street</delPoint><city>Redlands</city><adminArea>California</adminArea><postCode>92373-8100</postCode><country>US</country><eMailAdd>info@esri.com</eMailAdd></cntAddress><cntHours>7:00 a.m.–5:30 p.m. Pacific time, Monday–Friday</cntHours></rpCntInfo><role><RoleCd value="007"/></role></mdContact><mdStanName>ArcGIS Metadata</mdStanName><mdStanVer>1.0</mdStanVer><distInfo><distributor><distorCont><rpOrgName>ESRI; ESRI Offices</rpOrgName><rpCntInfo><cntPhone><voiceNum>800-447-9778</voiceNum></cntPhone><cntAddress addressType="both"><delPoint>380 New York Street</delPoint><city>Redlands</city><adminArea>California</adminArea><postCode>92373-8100</postCode><country>US</country></cntAddress><cntInstr>In the United States, contact the ESRI Telebusiness staff at 800-447-9778 for more information about our software and data. Outside the United States, please direct all inquiries to your local ESRI Office. This information can be found at http://www.esri.com/company/locations.html.</cntInstr></rpCntInfo><role><RoleCd value="005"/></role></distorCont><distorOrdPrc><resFees>Software purchase price</resFees><ordInstr>ESRI Data &amp; Maps is available only as part of ESRI® software.</ordInstr></distorOrdPrc><distorFormat><formatName>SDC</formatName><formatSpec>The SDC file contains the geospatial and attribute data. The SDI file contains the spatial index. The PRJ file contains the coordinate system information (optional). The XML file (*.sdc.xml) contains the metadata describing the data set (optional).</formatSpec><fileDecmTech>ArcGIS® software</fileDecmTech><formatTech>To use this data requires software that supports SDC files.</formatTech></distorFormat><distorTran><offLineMed><medName><MedNameCd value="002"/></medName><medDensity>0</medDensity><medDenUnits>GB (gigabytes)</medDenUnits></offLineMed></distorTran></distributor><distFormat><formatName Sync="TRUE">Shapefile</formatName></distFormat><distTranOps><transSize Sync="TRUE">18.571</transSize></distTranOps></distInfo><dataIdInfo><idCitation><resTitle Sync="TRUE">detailed_state_bound</resTitle><date><pubDate>2010-06-30</pubDate></date><resEd>10</resEd><citRespParty><rpOrgName>Tele Atlas North America, Inc.</rpOrgName><role><RoleCd value="006"/></role></citRespParty><citRespParty><rpOrgName>ESRI</rpOrgName><role><RoleCd value="006"/></role></citRespParty><citRespParty><rpOrgName>ESRI</rpOrgName><rpCntInfo><cntAddress><delPoint>Redlands, California, USA</delPoint></cntAddress></rpCntInfo><role><RoleCd value="010"/></role></citRespParty><datasetSeries><seriesName>ESRI® Data &amp; Maps</seriesName><issId>10 - World, Europe, and United States</issId></datasetSeries><otherCitDet>Location: \usa\census</otherCitDet><presForm><PresFormCd value="005" Sync="TRUE"></PresFormCd></presForm></idCitation><idAbs>U.S. States represents the 50 states, the District of Columbia, and Puerto Rico of the United States.</idAbs><idPurp>U.S. States provides boundaries and demographic information for the U.S. states. The boundaries are consistent with the block group, tract, and county data sets and are effective at regional and state levels.</idPurp><idStatus><ProgCd value="001"/></idStatus><idPoC><rpIndName>ArcGIS Content Team</rpIndName><rpOrgName>ESRI</rpOrgName><rpCntInfo><cntPhone><voiceNum>909-793-2853</voiceNum><faxNum>909-793-5953</faxNum></cntPhone><cntAddress addressType="both"><delPoint>380 New York Street</delPoint><city>Redlands</city><adminArea>California</adminArea><postCode>92373-8100</postCode><country>US</country><eMailAdd>info@esri.com</eMailAdd></cntAddress><cntHours>7:00 a.m.–5:30 p.m. Pacific time, Monday–Friday</cntHours><cntInstr>In the United States– Please direct all inquiries regarding software/data pricing and consulting services to your local ESRI Regional Office. For support, you may contact ESRI Support Center by telephone (voice) between 5:00 a.m. and 5:00 p.m. Pacific time, Monday through Friday, by dialing 888-377-4575; facsimile (fax) available at 909-792-0960; electronic mail (e-mail) support@esri.com; or visit http://support.esri.com/; ESRI holidays excluded. Outside the United States– Please direct all inquiries regarding software/data pricing, sales, support, and consulting services to your local ESRI Office. This information can be found at http://www.esri.com/company/locations.html. For other questions or comments, you may contact ESRI headquarters by e-mail, telephone, or fax or write to us.</cntInstr></rpCntInfo><role><RoleCd value="007"/></role></idPoC><resMaint><maintFreq><MaintFreqCd value="008"/></maintFreq></resMaint><placeKeys><keyword>United States</keyword><keyword>Puerto Rico</keyword><keyword>U.S. States</keyword><keyword>States</keyword></placeKeys><tempKeys><keyword>2010</keyword><keyword>2000</keyword><keyword>2007</keyword></tempKeys><themeKeys><keyword>area</keyword><keyword>population</keyword><keyword>boundaries</keyword><keyword>detail</keyword><keyword>households</keyword><keyword>polygon</keyword><keyword>demographics</keyword><keyword>society</keyword><keyword>farming</keyword></themeKeys><searchKeys><keyword>area</keyword><keyword>population</keyword><keyword>boundaries</keyword><keyword>2010</keyword><keyword>detail</keyword><keyword>households</keyword><keyword>United States</keyword><keyword>polygon</keyword><keyword>Puerto Rico</keyword><keyword>2000</keyword><keyword>U.S. States</keyword><keyword>2007</keyword><keyword>States</keyword><keyword>demographics</keyword><keyword>society</keyword><keyword>farming</keyword></searchKeys><resConst><LegConsts><useLimit>See use constraints.</useLimit><othConsts>Access granted to Licensee only.</othConsts></LegConsts></resConst><resConst><Consts><useLimit>The data are provided by multiple, third party data vendors under license to ESRI for inclusion on ESRI Data &amp; Maps for use with ESRI® software. Each data vendor has its own data licensing policies and may grant varying redistribution rights to end users. Please consult the redistribution rights below for this data set provided on ESRI Data &amp; Maps. As used herein, “Geodata” shall mean any digital data set consisting of geographic data coordinates and associated attributes. The redistribution rights for this data set: Redistribution rights are granted by the data vendor for hard-copy renditions or static, electronic map images (e.g. .gif, .jpeg, etc.) that are plotted, printed, or publicly displayed with proper metadata and source/copyright attribution to the respective data vendor(s). Geodata is redistributable with a Value-Added Software Application developed by ESRI Business Partners on a royalty-free basis with proper metadata and source/copyright attribution to the respective data vendor(s). [Applicable to U.S. Government Agencies and ESRI sources only]–In addition to the redistribution rights above, geodata is redistributable without a Value-Added Software Application (i.e., adding the sample data to an existing, [non]commercial data set for redistribution) with proper metadata and source/copyright attribution to the respective data vendor(s). The terms and conditions below apply to all the data sets provided on ESRI Data &amp; Maps. Proprietary Rights and Copyright: Licensee acknowledges that the Data and Related Materials contain proprietary and confidential property of ESRI and its licensor(s). The Data and Related Materials are owned by ESRI and its licensor(s) and are protected by United States copyright laws and applicable international copyright treaties and/or conventions. Limited Warranty and Disclaimer: ESRI warrants that the media upon which the Data and Related Materials are provided will be free from defects in materials and workmanship under normal use and service for a period of ninety (90) days from the date of receipt. THE DATA AND RELATED MATERIALS ARE EXCLUDED FROM THE LIMITED WARRANTY, AND THE LICENSEE EXPRESSLY ACKNOWLEDGES THAT THE DATA CONTAINS SOME NONCONFORMITIES, DEFECTS, OR ERRORS. ESRI DOES NOT WARRANT THAT THE DATA WILL MEET LICENSEE'S NEEDS OR EXPECTATIONS; THAT THE USE OF THE DATA WILL BE UNINTERRUPTED; OR THAT ALL NONCONFORMITIES, DEFECTS, OR ERRORS CAN OR WILL BE CORRECTED. ESRI IS NOT INVITING RELIANCE ON THIS DATA, AND THE LICENSEE SHOULD ALWAYS VERIFY ACTUAL DATA. EXCEPT FOR THE LIMITED WARRANTY SET FORTH ABOVE, THE DATA AND RELATED MATERIALS CONTAINED THEREIN ARE PROVIDED "AS-IS," WITHOUT WARRANTY OF ANY KIND, EITHER EXPRESS OR IMPLIED, INCLUDING, BUT NOT LIMITED TO, THE IMPLIED WARRANTIES OF MERCHANTABILITY AND FITNESS FOR A PARTICULAR PURPOSE. HIGH RISK ACTIVITIES: (A) THE DATA AND RELATED MATERIALS ARE NOT FAULT-TOLERANT AND ARE NOT DESIGNED, MANUFACTURED, OR INTENDED FOR USE OR RESALE FOR INSURANCE UNDERWRITING OR WITH CRITICAL HEALTH AND SAFETY OR ONLINE CONTROL EQUIPMENT IN HAZARDOUS ENVIRONMENTS THAT REQUIRE FAIL-SAFE PERFORMANCE, INCLUDING, BUT NOT LIMITED TO THE OPERATION OF NUCLEAR FACILITIES, NAVIGATION OR GUIDANCE (I.E., AIRCRAFT, NAUTICAL VEHICLE, ETC.), OR COMMUNICATION SYSTEMS, AIR TRAFFIC CONTROL, EMERGENCY RESPONSE, TERRORISM PREVENTION OR RESPONSE, LIFE SUPPORT, OR WEAPONS SYSTEMS ("HIGH RISK ACTIVITIES"). ESRI SPECIFICALLY DISCLAIMS ANY EXPRESS OR IMPLIED WARRANTY OF FITNESS FOR HIGH RISK ACTIVITIES. (B) TO THE EXTENT PERMITTED BY LAW, LICENSEE AGREES TO INDEMNIFY, DEFEND, AND HOLD ESRI, ITS OFFICERS, DIRECTORS, EMPLOYEES, AGENTS, SUBCONTRACTORS, LICENSORS, SUCCESSORS, AND ASSIGNS HARMLESS FROM AND AGAINST ANY AND ALL LIABILITY, LOSSES, CLAIMS, EXPENSES (INCLUDING ATTORNEYS' FEES), DEMANDS, OR DAMAGES OF ANY KIND, INCLUDING DIRECT, INDIRECT, SPECIAL, PUNITIVE, INCIDENTAL, OR CONSEQUENTIAL DAMAGES, ARISING OUT OF OR IN ANY WAY CONNECTED WITH LICENSEE'S USE OR PERMITTING THE USE BY OTHERS OF THE DATA, AND VENDOR'S HARDWARE OR SOFTWARE FOR HIGH RISK ACTIVITIES. DELIVERY OF THE DATA, AND VENDOR'S HARDWARE OR SOFTWARE DOES NOT CONSTITUTE A WAIVER OF THE RIGHTS AND OBLIGATIONS SET FORTH IN THIS ARTICLE. Exclusive Remedy and Limitation of Liability: The entire liability of ESRI or its licensor(s) and Licensee's exclusive remedy shall be to terminate the Agreement upon Licensee returning the Data and Related Materials to ESRI with a copy of Licensee's invoice/receipt and ESRI returning the license fees paid to Licensee. IN NO EVENT SHALL ESRI AND/OR ITS LICENSOR(S) BE LIABLE FOR COSTS OF PROCUREMENT OF SUBSTITUTE GOODS OR SERVICES; LOST PROFITS, LOST SALES, OR BUSINESS EXPENDITURES, INVESTMENTS, OR COMMITMENTS IN CONNECTION WITH ANY BUSINESS; LOSS OF ANY GOODWILL; OR FOR ANY INDIRECT, SPECIAL, INCIDENTAL, EXEMPLARY, OR CONSEQUENTIAL DAMAGES ARISING OUT OF THIS AGREEMENT OR USE OF THE DATA AND RELATED MATERIALS, HOWEVER CAUSED, ON ANY THEORY OF LIABILITY, AND WHETHER OR NOT ESRI OR ITS LICENSOR(S) HAVE BEEN ADVISED OF THE POSSIBILITY OF SUCH DAMAGE. THESE LIMITATIONS SHALL APPLY NOTWITHSTANDING ANY FAILURE OF ESSENTIAL PURPOSE OF ANY EXCLUSIVE REMEDY. Third Party Beneficiary: ESRI's licensor(s) has (have) authorized ESRI to (sub)distribute and (sub)license its (their) data as incorporated into the Data and Related Materials. As an intended third party beneficiary to this Agreement, the ESRI licensor(s) is (are) entitled to directly enforce, in its own name, the rights and obligations undertaken by the Licensee and to seek all legal and equitable remedies as are afforded to ESRI. In the event that the data vendor(s) has (have) granted the end user permission to redistribute the Geodata, please use proper proprietary or copyright attribution for the various data vendor(s), and provide the associated metadata file(s) with the Geodata. In compliance with FGDC metadata standards, ESRI has attempted to practice proper metadata methodologies by providing any data source information, descriptions, and file names to assist in this effort.</useLimit></Consts></resConst><dataLang><languageCode value="eng"/><countryCode value="USA" Sync="TRUE"></countryCode></dataLang><tpCat><TopicCatCd value="016"/></tpCat><tpCat><TopicCatCd value="003"/></tpCat><tpCat><TopicCatCd value="001"/></tpCat><dataExt><exDesc>publication date: 201003, 20100504; ground condition: 2000, 2007</exDesc><tempEle><TempExtent><exTemp><TM_Instant><tmPosition>2000-01-01</tmPosition></TM_Instant></exTemp></TempExtent></tempEle><tempEle><TempExtent><exTemp><TM_Instant><tmPosition>2007-01-01</tmPosition></TM_Instant></exTemp></TempExtent></tempEle><tempEle><TempExtent><exTemp><TM_Instant><tmPosition>2010-05-04</tmPosition></TM_Instant></exTemp></TempExtent></tempEle><tempEle><TempExtent><exTemp><TM_Instant><tmPosition>2010-03-01</tmPosition></TM_Instant></exTemp></TempExtent></tempEle><geoEle/></dataExt><suppInfo>Largest scale when displaying the data: 1:50,000.</suppInfo><envirDesc Sync="TRUE">Microsoft Windows 7 Version 6.1 (Build 7601) Service Pack 1; Esri ArcGIS 10.2.2.3552</envirDesc><spatRpType><SpatRepTypCd value="001" Sync="TRUE"></SpatRepTypCd></spatRpType><dataExt><geoEle><GeoBndBox esriExtentType="search"><exTypeCode Sync="TRUE">1</exTypeCode><westBL Sync="TRUE">-178.227822</westBL><eastBL Sync="TRUE">-66.949831</eastBL><northBL Sync="TRUE">71.382690</northBL><southBL Sync="TRUE">18.913826</southBL></GeoBndBox></geoEle></dataExt></dataIdInfo><dqInfo><dqScope><scpLvl><ScopeCd value="005"/></scpLvl></dqScope><report type="DQConcConsis"><measDesc>The shapefile is converted to SDC (Smart Data Compression) format using either tools in ArcGIS or ESRI SDC Data Development Kit Professional 2 (DDKP2). The SDC data set is then imported into a file geodatabase to verify and validate the geometry.</measDesc></report><report type="DQCompOm"><measDesc>After processing, the data set is checked for drawing display and number of records and file sizes compared with source materials.</measDesc></report><report type="DQAbsExtPosAcc" dimension="horizontal"><measDesc>Horizontal positional accuracy is dependent on geographic area. In most areas, accuracy is between 5 and 25 meters (16 and 82 feet). In some areas, accuracy is off by up to several tens of meters (100 feet or more). In the poorest areas, accuracy is off by up to 100 meters (328 feet).</measDesc></report><dataLineage><prcStep><stepDesc>The following steps were performed by ESRI: Extracted the state data set from Tele Atlas MultiNet Administrative Areas v. 2010.03. Clipped the coastline with the Tele Atlas MultiNet North America water data set. Removed the U.S. Virgin Islands. Attached and formatted the fields from 2009 Data Update U.S. States. Replaced field POP2009 with POP2010 and field POP09_SQMI with POP10_SQMI. Renamed the four agriculture fields to NO_FARMS07, AVG_SIZE07, CROP_ACR07, and AVG_SALE07 and got new values from the 2007 Census of Agriculture. Put "-99" values into all number type fields (except SQMI) for records where there were no matches. Calculated new values for fields POP00_SQMI, POP10_SQMI, and SQMI from the MultiNet field FEATAREA. Converted the data set to SDC. Created ArcGIS® layer file (.lyr), projection file (.prj), and spatial indices.</stepDesc><stepDateTm>2010-05-11</stepDateTm><stepSrc type="used"><srcCitatn><resAltTitle>Tele Atlas MultiNet North America Administrative Areas v. 2010.03</resAltTitle></srcCitatn></stepSrc><stepSrc type="used"><srcCitatn><resAltTitle>ESRI Data - Updated Demographics</resAltTitle></srcCitatn></stepSrc><stepSrc type="used"><srcCitatn><resAltTitle>Census SF1</resAltTitle></srcCitatn></stepSrc><stepSrc type="used"><srcCitatn><resAltTitle>USDA Farm</resAltTitle></srcCitatn></stepSrc></prcStep><dataSource><srcDesc>Attribute data</srcDesc><srcMedName><MedNameCd value="001"/></srcMedName><srcCitatn><resTitle>Summary File 1 (SF1)</resTitle><resAltTitle>Census SF1</resAltTitle><date><pubDate>2001-01-01</pubDate></date><resEd>2000</resEd><citRespParty><rpOrgName>Department of Commerce, Census Bureau</rpOrgName><rpCntInfo><cntAddress><delPoint>USA</delPoint></cntAddress></rpCntInfo><role><RoleCd value="010"/></role></citRespParty><citRespParty><rpOrgName>Department of Commerce, Census Bureau</rpOrgName><role><RoleCd value="006"/></role></citRespParty><datasetSeries><seriesName>Summary File 1 (SF1)</seriesName><issId>2000</issId></datasetSeries><otherCitDet>The Summary File 1 (SF1) data is based on the 2000 Census of Population.</otherCitDet></srcCitatn><srcExt><exDesc>ground condition</exDesc><tempEle><TempExtent><exTemp><TM_Instant><tmPosition>2000-01-01</tmPosition></TM_Instant></exTemp></TempExtent></tempEle></srcExt></dataSource><dataSource><srcDesc>Attribute data</srcDesc><srcMedName><MedNameCd value="002"/></srcMedName><srcCitatn><resTitle>ESRI Data - Updated Demographics</resTitle><resAltTitle>ESRI Data - Updated Demographics</resAltTitle><date><pubDate>2010-05-04</pubDate></date><resEd>2010</resEd><citRespParty><rpOrgName>ESRI</rpOrgName><rpCntInfo><cntAddress><delPoint>Redlands, California, USA</delPoint></cntAddress></rpCntInfo><role><RoleCd value="010"/></role></citRespParty><citRespParty><rpOrgName>ESRI</rpOrgName><role><RoleCd value="006"/></role></citRespParty><presForm><PresFormCd value="001"/></presForm><presForm><fgdcGeoform>tabular digital data</fgdcGeoform></presForm><datasetSeries><seriesName>ESRI® Data - Updated Demographics</seriesName><issId>2010</issId></datasetSeries><otherCitDet>Provides the POP2010 attribute.</otherCitDet><citOnlineRes><linkage>http://www.esri.com</linkage></citOnlineRes></srcCitatn><srcExt><exDesc>publication date</exDesc><tempEle><TempExtent><exTemp><TM_Instant><tmPosition>2010-05-04</tmPosition></TM_Instant></exTemp></TempExtent></tempEle></srcExt></dataSource><dataSource><srcDesc>Attribute data</srcDesc><srcMedName><MedNameCd value="015"/></srcMedName><srcCitatn><resTitle>2007 Census of Agriculture</resTitle><resAltTitle>USDA Farm</resAltTitle><date><pubDate>2009-02-04</pubDate></date><resEd>2007</resEd><citRespParty><rpOrgName>U.S. Department of Agriculture (USDA), National Agricultural Statistics Service (NASS)</rpOrgName><rpCntInfo><cntAddress><delPoint>USA</delPoint></cntAddress></rpCntInfo><role><RoleCd value="010"/></role></citRespParty><citRespParty><rpOrgName>U.S. Department of Agriculture (USDA), National Agricultural Statistics Service (NASS)</rpOrgName><role><RoleCd value="006"/></role></citRespParty><datasetSeries><seriesName>Census of Agriculture</seriesName><issId>2007</issId></datasetSeries><otherCitDet>The farm attributes come from data published by the U.S. Department of Agriculture (USDA), National Agricultural Statistics Service (NASS) based on the 2007 Census of Agriculture.</otherCitDet><citOnlineRes><linkage>http://www.agcensus.usda.gov/Publications/2007/Online_Highlights/Desktop_Application/index.asp</linkage></citOnlineRes><citOnlineRes><linkage>http://www.agcensus.usda.gov/Publications/2007/index.asp</linkage></citOnlineRes></srcCitatn><srcExt><exDesc>ground condition</exDesc><tempEle><TempExtent><exTemp><TM_Instant><tmPosition>2007-01-01</tmPosition></TM_Instant></exTemp></TempExtent></tempEle></srcExt></dataSource><dataSource><srcDesc>Attribute and geospatial data</srcDesc><srcMedName><MedNameCd value="002"/></srcMedName><srcCitatn><resTitle>Tele Atlas MultiNet Administrative Areas</resTitle><resAltTitle>Tele Atlas MultiNet North America Administrative Areas v. 2010.03</resAltTitle><date><pubDate>2010-03-01</pubDate></date><resEd>Version 2010.03</resEd><citRespParty><rpOrgName>Tele Atlas North America, Inc.</rpOrgName><role><RoleCd value="006"/></role></citRespParty><citRespParty><rpOrgName>Tele Atlas North America, Inc.</rpOrgName><rpCntInfo><cntAddress><delPoint>Lebanon, New Hampshire, USA</delPoint></cntAddress></rpCntInfo><role><RoleCd value="010"/></role></citRespParty><presForm><PresFormCd value="005"/></presForm><presForm><fgdcGeoform>vector digital data</fgdcGeoform></presForm><datasetSeries><seriesName>Tele Atlas® MultiNet® North America</seriesName><issId>Version 2010.03</issId></datasetSeries><citOnlineRes><linkage>http://www.teleatlas.com/</linkage></citOnlineRes></srcCitatn><srcExt><exDesc>publication date</exDesc><tempEle><TempExtent><exTemp><TM_Instant><tmPosition>2010-03-01</tmPosition></TM_Instant></exTemp></TempExtent></tempEle></srcExt></dataSource></dataLineage></dqInfo><eainfo><detailed Name="detailed_state_bound"><enttyp><enttypl Sync="TRUE">detailed_state_bound</enttypl><enttypt Sync="TRUE">Feature Class</enttypt><enttypc Sync="TRUE">51</enttypc><enttypd>A type of governmental unit that is the primary legal subdivision of the United States. The U.S. Census Bureau treats the District of Columbia and Puerto Rico as the equivalent of states for data presentation purposes.</enttypd><enttypds>Department of Commerce, Census Bureau</enttypds></enttyp><attr><attrlabl Sync="TRUE">FID</attrlabl><attalias Sync="TRUE">FID</attalias><attrtype Sync="TRUE">OID</attrtype><attwidth Sync="TRUE">4</attwidth><atprecis Sync="TRUE">0</atprecis><attscale Sync="TRUE">0</attscale><attrdef Sync="TRUE">Internal feature number.</attrdef><attrdefs Sync="TRUE">Esri</attrdefs><attrdomv><udom Sync="TRUE">Sequential unique whole numbers that are automatically generated.</udom></attrdomv></attr><attr><attrlabl>RENTER_OCC</attrlabl><attrdef>The number of housing units that are occupied by renters in 2000.</attrdef><attrdefs>Department of Commerce, Census Bureau</attrdefs><attrdomv><udom>Numbers for the features. A -99 value means no data.</udom></attrdomv><attalias Sync="TRUE">RENTER_OCC</attalias><attrtype Sync="TRUE">Integer</attrtype><attwidth Sync="TRUE">8</attwidth><atprecis Sync="TRUE">8</atprecis><attscale Sync="TRUE">0</attscale></attr><attr><attrlabl Sync="TRUE">AREA</attrlabl><attalias Sync="TRUE">AREA</attalias><attrtype Sync="TRUE">Double</attrtype><attwidth Sync="TRUE">15</attwidth><atprecis Sync="TRUE">14</atprecis><attscale Sync="TRUE">3</attscale></attr><attr><attrlabl>HSEHLD_1_M</attrlabl><attrdef>The number of one-person male households in 2000.</attrdef><attrdefs>Department of Commerce, Census Bureau</attrdefs><attrdomv><udom>Numbers for the features. A -99 value means no data.</udom></attrdomv><attalias Sync="TRUE">HSEHLD_1_M</attalias><attrtype Sync="TRUE">Integer</attrtype><attwidth Sync="TRUE">8</attwidth><atprecis Sync="TRUE">8</atprecis><attscale Sync="TRUE">0</attscale></attr><attr><attrlabl>HSEHLD_1_F</attrlabl><attrdef>The number of one-person female households in 2000.</attrdef><attrdefs>Department of Commerce, Census Bureau</attrdefs><attrdomv><udom>Numbers for the features. A -99 value means no data.</udom></attrdomv><attalias Sync="TRUE">HSEHLD_1_F</attalias><attrtype Sync="TRUE">Integer</attrtype><attwidth Sync="TRUE">8</attwidth><atprecis Sync="TRUE">8</atprecis><attscale Sync="TRUE">0</attscale></attr><attr><attrlabl>FEMALES</attrlabl><attrdef>The number of females in 2000.</attrdef><attrdefs>Department of Commerce, Census Bureau</attrdefs><attrdomv><udom>Numbers for the features. A -99 value means no data.</udom></attrdomv><attalias Sync="TRUE">FEMALES</attalias><attrtype Sync="TRUE">Integer</attrtype><attwidth Sync="TRUE">9</attwidth><atprecis Sync="TRUE">9</atprecis><attscale Sync="TRUE">0</attscale></attr><attr><attrlabl>AGE_UNDER5</attrlabl><attrdef>The number of people 0 to 4 years of age in 2000.</attrdef><attrdefs>Department of Commerce, Census Bureau</attrdefs><attrdomv><udom>Numbers for the features. A -99 value means no data.</udom></attrdomv><attalias Sync="TRUE">AGE_UNDER5</attalias><attrtype Sync="TRUE">Integer</attrtype><attwidth Sync="TRUE">8</attwidth><atprecis Sync="TRUE">8</atprecis><attscale Sync="TRUE">0</attscale></attr><attr><attrlabl Sync="TRUE">POP1990</attrlabl><attalias Sync="TRUE">POP1990</attalias><attrtype Sync="TRUE">Double</attrtype><attwidth Sync="TRUE">10</attwidth><atprecis Sync="TRUE">10</atprecis><attscale Sync="TRUE">0</attscale></attr><attr><attrlabl Sync="TRUE">POP1999</attrlabl><attalias Sync="TRUE">POP1999</attalias><attrtype Sync="TRUE">Double</attrtype><attwidth Sync="TRUE">10</attwidth><atprecis Sync="TRUE">10</atprecis><attscale Sync="TRUE">0</attscale></attr><attr><attrlabl Sync="TRUE">POP90_SQMI</attrlabl><attalias Sync="TRUE">POP90_SQMI</attalias><attrtype Sync="TRUE">Integer</attrtype><attwidth Sync="TRUE">5</attwidth><atprecis Sync="TRUE">5</atprecis><attscale Sync="TRUE">0</attscale></attr><attr><attrlabl>STATE_FIPS</attrlabl><attrdef>The FIPS code (two-digit number) for the state.</attrdef><attrdefs>Department of Commerce, National Institute of Standards and Technology</attrdefs><attrdomv><codesetd><codesetn>Federal Information Processing Standards</codesetn><codesets>National Institute of Standards and Technology</codesets></codesetd></attrdomv><attalias Sync="TRUE">STATE_FIPS</attalias><attrtype Sync="TRUE">String</attrtype><attwidth Sync="TRUE">2</attwidth><atprecis Sync="TRUE">0</atprecis><attscale Sync="TRUE">0</attscale></attr><attr><attrlabl>MHH_CHILD</attrlabl><attrdef>The number of family households with a man and related children under 18 years but no wife in 2000.</attrdef><attrdefs>Department of Commerce, Census Bureau</attrdefs><attrdomv><udom>Numbers for the features. A -99 value means no data.</udom></attrdomv><attalias Sync="TRUE">MHH_CHILD</attalias><attrtype Sync="TRUE">Integer</attrtype><attwidth Sync="TRUE">7</attwidth><atprecis Sync="TRUE">7</atprecis><attscale Sync="TRUE">0</attscale></attr><attr><attrlabl>FHH_CHILD</attrlabl><attrdef>The number of family households with a woman and related children under 18 years but no husband in 2000.</attrdef><attrdefs>Department of Commerce, Census Bureau</attrdefs><attrdomv><udom>Numbers for the features. A -99 value means no data.</udom></attrdomv><attalias Sync="TRUE">FHH_CHILD</attalias><attrtype Sync="TRUE">Integer</attrtype><attwidth Sync="TRUE">7</attwidth><atprecis Sync="TRUE">7</atprecis><attscale Sync="TRUE">0</attscale></attr><attr><attrlabl>AGE_50_64</attrlabl><attrdef>The number of people 50 to 64 years of age in 2000.</attrdef><attrdefs>Department of Commerce, Census Bureau</attrdefs><attrdomv><udom>Numbers for the features. A -99 value means no data.</udom></attrdomv><attalias Sync="TRUE">AGE_50_64</attalias><attrtype Sync="TRUE">Integer</attrtype><attwidth Sync="TRUE">8</attwidth><atprecis Sync="TRUE">8</atprecis><attscale Sync="TRUE">0</attscale></attr><attr><attrlabl>AGE_65_UP</attrlabl><attrdef>The number of people 65 years of age and over in 2000.</attrdef><attrdefs>Department of Commerce, Census Bureau</attrdefs><attrdomv><udom>Numbers for the features. A -99 value means no data.</udom></attrdomv><attalias Sync="TRUE">AGE_65_UP</attalias><attrtype Sync="TRUE">Integer</attrtype><attwidth Sync="TRUE">8</attwidth><atprecis Sync="TRUE">8</atprecis><attscale Sync="TRUE">0</attscale></attr><attr><attrlabl>AGE_5_17</attrlabl><attrdef>The number of people 5 to 17 years of age in 2000.</attrdef><attrdefs>Department of Commerce, Census Bureau</attrdefs><attrdomv><udom>Numbers for the features. A -99 value means no data.</udom></attrdomv><attalias Sync="TRUE">AGE_5_17</attalias><attrtype Sync="TRUE">Integer</attrtype><attwidth Sync="TRUE">8</attwidth><atprecis Sync="TRUE">8</atprecis><attscale Sync="TRUE">0</attscale></attr><attr><attrlabl Sync="TRUE">ASIAN_PI</attrlabl><attalias Sync="TRUE">ASIAN_PI</attalias><attrtype Sync="TRUE">Integer</attrtype><attwidth Sync="TRUE">8</attwidth><atprecis Sync="TRUE">8</atprecis><attscale Sync="TRUE">0</attscale></attr><attr><attrlabl>MALES</attrlabl><attrdef>The number of males in 2000.</attrdef><attrdefs>Department of Commerce, Census Bureau</attrdefs><attrdomv><udom>Numbers for the features. A -99 value means no data.</udom></attrdomv><attalias Sync="TRUE">MALES</attalias><attrtype Sync="TRUE">Integer</attrtype><attwidth Sync="TRUE">9</attwidth><atprecis Sync="TRUE">9</atprecis><attscale Sync="TRUE">0</attscale></attr><attr><attrlabl>OTHER</attrlabl><attrdef>The number of people identified as some other race alone in 2000.</attrdef><attrdefs>Department of Commerce, Census Bureau</attrdefs><attrdomv><udom>Numbers for the features. A -99 value means no data.</udom></attrdomv><attalias Sync="TRUE">OTHER</attalias><attrtype Sync="TRUE">Integer</attrtype><attwidth Sync="TRUE">8</attwidth><atprecis Sync="TRUE">8</atprecis><attscale Sync="TRUE">0</attscale></attr><attr><attrlabl>BLACK</attrlabl><attrdef>The number of people identified as Black or African American alone in 2000.</attrdef><attrdefs>Department of Commerce, Census Bureau</attrdefs><attrdomv><udom>Numbers for the features. A -99 value means no data.</udom></attrdomv><attalias Sync="TRUE">BLACK</attalias><attrtype Sync="TRUE">Integer</attrtype><attwidth Sync="TRUE">8</attwidth><atprecis Sync="TRUE">8</atprecis><attscale Sync="TRUE">0</attscale></attr><attr><attrlabl>AMERI_ES</attrlabl><attrdef>The number of people identified as American Indian or Alaska Native alone in 2000.</attrdef><attrdefs>Department of Commerce, Census Bureau</attrdefs><attrdomv><udom>Numbers for the features. A -99 value means no data.</udom></attrdomv><attalias Sync="TRUE">AMERI_ES</attalias><attrtype Sync="TRUE">Integer</attrtype><attwidth Sync="TRUE">7</attwidth><atprecis Sync="TRUE">7</atprecis><attscale Sync="TRUE">0</attscale></attr><attr><attrlabl Sync="TRUE">AGE_18_29</attrlabl><attalias Sync="TRUE">AGE_18_29</attalias><attrtype Sync="TRUE">Integer</attrtype><attwidth Sync="TRUE">8</attwidth><atprecis Sync="TRUE">8</atprecis><attscale Sync="TRUE">0</attscale></attr><attr><attrlabl Sync="TRUE">AGE_30_49</attrlabl><attalias Sync="TRUE">AGE_30_49</attalias><attrtype Sync="TRUE">Integer</attrtype><attwidth Sync="TRUE">8</attwidth><atprecis Sync="TRUE">8</atprecis><attscale Sync="TRUE">0</attscale></attr><attr><attrlabl>STATE_NAME</attrlabl><attrdef>The state name.</attrdef><attrdefs>Department of Commerce, Census Bureau</attrdefs><attrdomv><codesetd><codesetn>Federal Information Processing Standards</codesetn><codesets>National Institute of Standards and Technology</codesets></codesetd></attrdomv><attalias Sync="TRUE">STATE_NAME</attalias><attrtype Sync="TRUE">String</attrtype><attwidth Sync="TRUE">25</attwidth><atprecis Sync="TRUE">0</atprecis><attscale Sync="TRUE">0</attscale></attr><attr><attrlabl>MARHH_NO_C</attrlabl><attrdef>The number of family households with a married couple and no related children under 18 years in 2000.</attrdef><attrdefs>Department of Commerce, Census Bureau</attrdefs><attrdomv><udom>Numbers for the features. A -99 value means no data.</udom></attrdomv><attalias Sync="TRUE">MARHH_NO_C</attalias><attrtype Sync="TRUE">Integer</attrtype><attwidth Sync="TRUE">8</attwidth><atprecis Sync="TRUE">8</atprecis><attscale Sync="TRUE">0</attscale></attr><attr><attrlabl Sync="TRUE">NEVERMARRY</attrlabl><attalias Sync="TRUE">NEVERMARRY</attalias><attrtype Sync="TRUE">Integer</attrtype><attwidth Sync="TRUE">8</attwidth><atprecis Sync="TRUE">8</atprecis><attscale Sync="TRUE">0</attscale></attr><attr><attrlabl Sync="TRUE">MARRIED</attrlabl><attalias Sync="TRUE">MARRIED</attalias><attrtype Sync="TRUE">Integer</attrtype><attwidth Sync="TRUE">9</attwidth><atprecis Sync="TRUE">9</atprecis><attscale Sync="TRUE">0</attscale></attr><attr><attrlabl Sync="TRUE">SEPARATED</attrlabl><attalias Sync="TRUE">SEPARATED</attalias><attrtype Sync="TRUE">Integer</attrtype><attwidth Sync="TRUE">7</attwidth><atprecis Sync="TRUE">7</atprecis><attscale Sync="TRUE">0</attscale></attr><attr><attrlabl Sync="TRUE">WIDOWED</attrlabl><attalias Sync="TRUE">WIDOWED</attalias><attrtype Sync="TRUE">Integer</attrtype><attwidth Sync="TRUE">8</attwidth><atprecis Sync="TRUE">8</atprecis><attscale Sync="TRUE">0</attscale></attr><attr><attrlabl Sync="TRUE">DIVORCED</attrlabl><attalias Sync="TRUE">DIVORCED</attalias><attrtype Sync="TRUE">Integer</attrtype><attwidth Sync="TRUE">8</attwidth><atprecis Sync="TRUE">8</atprecis><attscale Sync="TRUE">0</attscale></attr><attr><attrlabl>HOUSEHOLDS</attrlabl><attrdef>The total number of households in 2000.</attrdef><attrdefs>Department of Commerce, Census Bureau</attrdefs><attrdomv><udom>Numbers for the features. A -99 value means no data.</udom></attrdomv><attalias Sync="TRUE">HOUSEHOLDS</attalias><attrtype Sync="TRUE">Integer</attrtype><attwidth Sync="TRUE">9</attwidth><atprecis Sync="TRUE">9</atprecis><attscale Sync="TRUE">0</attscale></attr><attr><attrlabl>Shape</attrlabl><attrdef>Feature geometry.</attrdef><attrdefs>ESRI</attrdefs><attrdomv><udom>Coordinates defining the features.</udom></attrdomv><attalias Sync="TRUE">Shape</attalias><attrtype Sync="TRUE">Geometry</attrtype><attwidth Sync="TRUE">0</attwidth><atprecis Sync="TRUE">0</atprecis><attscale Sync="TRUE">0</attscale></attr><attr><attrlabl>WHITE</attrlabl><attrdef>The number of people identified as White alone in 2000.</attrdef><attrdefs>Department of Commerce, Census Bureau</attrdefs><attrdomv><udom>Numbers for the features. A -99 value means no data.</udom></attrdomv><attalias Sync="TRUE">WHITE</attalias><attrtype Sync="TRUE">Integer</attrtype><attwidth Sync="TRUE">9</attwidth><atprecis Sync="TRUE">9</atprecis><attscale Sync="TRUE">0</attscale></attr><attr><attrlabl>STATE_ABBR</attrlabl><attrdef>The two-letter abbreviation for the state.</attrdef><attrdefs>Department of Commerce, National Institute of Standards and Technology</attrdefs><attrdomv><codesetd><codesetn>Federal Information Processing Standards 5–2</codesetn><codesets>National Institute of Standards and Technology</codesets></codesetd></attrdomv><attalias Sync="TRUE">STATE_ABBR</attalias><attrtype Sync="TRUE">String</attrtype><attwidth Sync="TRUE">2</attwidth><atprecis Sync="TRUE">0</atprecis><attscale Sync="TRUE">0</attscale></attr><attr><attrlabl>HISPANIC</attrlabl><attrdef>The number of people identified as Hispanic or Latino in 2000.</attrdef><attrdefs>Department of Commerce, Census Bureau</attrdefs><attrdomv><udom>Numbers for the features. A -99 value means no data.</udom></attrdomv><attalias Sync="TRUE">HISPANIC</attalias><attrtype Sync="TRUE">Integer</attrtype><attwidth Sync="TRUE">8</attwidth><atprecis Sync="TRUE">8</atprecis><attscale Sync="TRUE">0</attscale></attr><attr><attrlabl>SUB_REGION</attrlabl><attrdef>The subregion of the United States in which a state is located. The U.S. subregions are as defined by the U.S. Census Bureau, except in this data set New England is classified as a subregion instead of a region.</attrdef><attrdefs>Department of Commerce, Census Bureau</attrdefs><attrdomv><edom><edomv>East South Central</edomv><edomvd>East, South Central area of the United States.</edomvd><edomvds>Department of Commerce, Census Bureau</edomvds></edom><edom><edomv>Middle Atlantic</edomv><edomvd>Middle Atlantic area of the United States.</edomvd><edomvds>Department of Commerce, Census Bureau</edomvds></edom><edom><edomv>Mountain</edomv><edomvd>Rocky Mountains area of the United States.</edomvd><edomvds>Department of Commerce, Census Bureau</edomvds></edom><edom><edomv>West South Central</edomv><edomvd>West, South Central area of the United States.</edomvd><edomvds>Department of Commerce, Census Bureau</edomvds></edom><edom><edomv>East North Central</edomv><edomvd>East, North Central area of the United States.</edomvd><edomvds>Department of Commerce, Census Bureau</edomvds></edom><edom><edomv>New England</edomv><edomvd>New England area of the United States.</edomvd><edomvds>Department of Commerce, Census Bureau</edomvds></edom><edom><edomv>Pacific</edomv><edomvd>Pacific area of the United States.</edomvd><edomvds>Department of Commerce, Census Bureau</edomvds></edom><edom><edomv>South Atlantic</edomv><edomvd>South Atlantic area of the United States.</edomvd><edomvds>Department of Commerce, Census Bureau</edomvds></edom><edom><edomv>West North Central</edomv><edomvd>West, North Central area of the United States.</edomvd><edomvds>Department of Commerce, Census Bureau</edomvds></edom></attrdomv><attalias Sync="TRUE">SUB_REGION</attalias><attrtype Sync="TRUE">String</attrtype><attwidth Sync="TRUE">7</attwidth><atprecis Sync="TRUE">0</atprecis><attscale Sync="TRUE">0</attscale></attr><attr><attrlabl>HSE_UNITS</attrlabl><attrdef>The total number of housing units in 2000.</attrdef><attrdefs>Department of Commerce, Census Bureau</attrdefs><attrdomv><udom>Numbers for the features. A -99 value means no data.</udom></attrdomv><attalias Sync="TRUE">HSE_UNITS</attalias><attrtype Sync="TRUE">Integer</attrtype><attwidth Sync="TRUE">9</attwidth><atprecis Sync="TRUE">9</atprecis><attscale Sync="TRUE">0</attscale></attr><attr><attrlabl>VACANT</attrlabl><attrdef>The number of housing units that are vacant in 2000.</attrdef><attrdefs>Department of Commerce, Census Bureau</attrdefs><attrdomv><udom>Numbers for the features. A -99 value means no data.</udom></attrdomv><attalias Sync="TRUE">VACANT</attalias><attrtype Sync="TRUE">Integer</attrtype><attwidth Sync="TRUE">7</attwidth><atprecis Sync="TRUE">7</atprecis><attscale Sync="TRUE">0</attscale></attr><attr><attrlabl>MARHH_CHD</attrlabl><attrdef>The number of family households with a married couple and related children under 18 years in 2000.</attrdef><attrdefs>Department of Commerce, Census Bureau</attrdefs><attrdomv><udom>Numbers for the features. A -99 value means no data.</udom></attrdomv><attalias Sync="TRUE">MARHH_CHD</attalias><attrtype Sync="TRUE">Integer</attrtype><attwidth Sync="TRUE">8</attwidth><atprecis Sync="TRUE">8</atprecis><attscale Sync="TRUE">0</attscale></attr><attr><attrlabl>OWNER_OCC</attrlabl><attrdef>The number of housing units that are occupied by the owner in 2000.</attrdef><attrdefs>Department of Commerce, Census Bureau</attrdefs><attrdomv><udom>Numbers for the features. A -99 value means no data.</udom></attrdomv><attalias Sync="TRUE">OWNER_OCC</attalias><attrtype Sync="TRUE">Integer</attrtype><attwidth Sync="TRUE">8</attwidth><atprecis Sync="TRUE">8</atprecis><attscale Sync="TRUE">0</attscale></attr><attr><attrlabl Sync="TRUE">MEDIAN_VAL</attrlabl><attalias Sync="TRUE">MEDIAN_VAL</attalias><attrtype Sync="TRUE">Integer</attrtype><attwidth Sync="TRUE">7</attwidth><atprecis Sync="TRUE">7</atprecis><attscale Sync="TRUE">0</attscale></attr><attr><attrlabl Sync="TRUE">MEDIANRENT</attrlabl><attalias Sync="TRUE">MEDIANRENT</attalias><attrtype Sync="TRUE">SmallInteger</attrtype><attwidth Sync="TRUE">4</attwidth><atprecis Sync="TRUE">4</atprecis><attscale Sync="TRUE">0</attscale></attr><attr><attrlabl Sync="TRUE">UNITS_1DET</attrlabl><attalias Sync="TRUE">UNITS_1DET</attalias><attrtype Sync="TRUE">Integer</attrtype><attwidth Sync="TRUE">8</attwidth><atprecis Sync="TRUE">8</atprecis><attscale Sync="TRUE">0</attscale></attr><attr><attrlabl Sync="TRUE">UNITS_1ATT</attrlabl><attalias Sync="TRUE">UNITS_1ATT</attalias><attrtype Sync="TRUE">Integer</attrtype><attwidth Sync="TRUE">7</attwidth><atprecis Sync="TRUE">7</atprecis><attscale Sync="TRUE">0</attscale></attr><attr><attrlabl Sync="TRUE">UNITS2</attrlabl><attalias Sync="TRUE">UNITS2</attalias><attrtype Sync="TRUE">Integer</attrtype><attwidth Sync="TRUE">7</attwidth><atprecis Sync="TRUE">7</atprecis><attscale Sync="TRUE">0</attscale></attr><attr><attrlabl Sync="TRUE">UNITS3_9</attrlabl><attalias Sync="TRUE">UNITS3_9</attalias><attrtype Sync="TRUE">Integer</attrtype><attwidth Sync="TRUE">8</attwidth><atprecis Sync="TRUE">8</atprecis><attscale Sync="TRUE">0</attscale></attr><attr><attrlabl Sync="TRUE">UNITS10_49</attrlabl><attalias Sync="TRUE">UNITS10_49</attalias><attrtype Sync="TRUE">Integer</attrtype><attwidth Sync="TRUE">8</attwidth><atprecis Sync="TRUE">8</atprecis><attscale Sync="TRUE">0</attscale></attr><attr><attrlabl Sync="TRUE">UNITS50_UP</attrlabl><attalias Sync="TRUE">UNITS50_UP</attalias><attrtype Sync="TRUE">Integer</attrtype><attwidth Sync="TRUE">8</attwidth><atprecis Sync="TRUE">8</atprecis><attscale Sync="TRUE">0</attscale></attr><attr><attrlabl Sync="TRUE">MOBILEHOME</attrlabl><attalias Sync="TRUE">MOBILEHOME</attalias><attrtype Sync="TRUE">Integer</attrtype><attwidth Sync="TRUE">7</attwidth><atprecis Sync="TRUE">7</atprecis><attscale Sync="TRUE">0</attscale></attr><attr><attrlabl Sync="TRUE">NO_FARMS87</attrlabl><attalias Sync="TRUE">NO_FARMS87</attalias><attrtype Sync="TRUE">Integer</attrtype><attwidth Sync="TRUE">7</attwidth><atprecis Sync="TRUE">7</atprecis><attscale Sync="TRUE">0</attscale></attr><attr><attrlabl Sync="TRUE">AVG_SIZE87</attrlabl><attalias Sync="TRUE">AVG_SIZE87</attalias><attrtype Sync="TRUE">Integer</attrtype><attwidth Sync="TRUE">5</attwidth><atprecis Sync="TRUE">5</atprecis><attscale Sync="TRUE">0</attscale></attr><attr><attrlabl Sync="TRUE">CROP_ACR87</attrlabl><attalias Sync="TRUE">CROP_ACR87</attalias><attrtype Sync="TRUE">Integer</attrtype><attwidth Sync="TRUE">9</attwidth><atprecis Sync="TRUE">9</atprecis><attscale Sync="TRUE">0</attscale></attr><attr><attrlabl Sync="TRUE">AVG_SALE87</attrlabl><attalias Sync="TRUE">AVG_SALE87</attalias><attrtype Sync="TRUE">Integer</attrtype><attwidth Sync="TRUE">7</attwidth><atprecis Sync="TRUE">7</atprecis><attscale Sync="TRUE">0</attscale></attr></detailed></eainfo><mdHrLvName Sync="TRUE">dataset</mdHrLvName><refSysInfo><RefSystem><refSysID><identCode code="4269" Sync="TRUE"></identCode><idCodeSpace Sync="TRUE">EPSG</idCodeSpace><idVersion Sync="TRUE">8.2.6</idVersion></refSysID></RefSystem></refSysInfo><spatRepInfo><VectSpatRep><geometObjs Name="detailed_state_bound"><geoObjTyp><GeoObjTypCd value="002" Sync="TRUE"></GeoObjTypCd></geoObjTyp><geoObjCnt Sync="TRUE">51</geoObjCnt></geometObjs><topLvl><TopoLevCd value="001" Sync="TRUE"></TopoLevCd></topLvl></VectSpatRep></spatRepInfo><spdoinfo><ptvctinf><esriterm Name="detailed_state_bound"><efeatyp Sync="TRUE">Simple</efeatyp><efeageom code="4" Sync="TRUE"></efeageom><esritopo Sync="TRUE">FALSE</esritopo><efeacnt Sync="TRUE">51</efeacnt><spindex Sync="TRUE">TRUE</spindex><linrefer Sync="TRUE">FALSE</linrefer></esriterm></ptvctinf></spdoinfo><mdDateSt Sync="TRUE">20140715</mdDateSt></metadata>
